Código,Producto,UxB,Blister,Categoría
694,7-UP gaseosa lima limon x 500 ml,6,,Bebidas
549,9 DE ORO Bizcochos clasicos x 200 gr,24,,Almacen
302,Above repelente aero protec x 150 cc,12,,Insecticidas y Repelentes
572,ACE jabón líquido x 3 Lt,4,,Limpieza
571,ACE Liquido x 800 ml,12,,Limpieza
563,ADES jugo de manzana x 1lt,8,,Bebidas
216,agua bidon glaciar x 6.3 lts,2,,Bebidas
444,Agua nestle pureza vital x 6.3 L,2,,Bebidas
86,ALA DILUIR con bicarbonato x 500 ml,12,,Limpieza
157,ALA diluir liquido x 500 ml,12,,Limpieza
158,ALA jabon con bicarbonato lavado a mano x 3 kg,,,Limpieza
523,Ala jabon en polvo con bicarbonato lavado a mano x 800,,,Limpieza
501,ALA jabon en polvo lavado a mano con bicarb. x 400 g,24,,Limpieza
276,ALA jabon en polvo MATIC  con bicarbonato x 400 g,24,,Limpieza
274,Ala jabon liquido  x 3 lt clasico,4,,Limpieza
442,Ala jabon liquido con vivere x 3 lt,4,,Limpieza
319,Ala lavado a mano con bicarbonato polvo x 3 kg,,,Limpieza
573,Ala lavado a mano con bicarbonato x 800 gr,,,Limpieza
123,ALA líquido lavado a mano x 800,12,,Limpieza
143,ALA liquido matic x 800 ml,12,,Limpieza
391,Ala Matic con bicarbonato polvo x 3 kg,,,Limpieza
507,Ala matic jabon en polvo con bicarbonato  x 800,,,Limpieza
558,ALCOHOL etilico SAN IGNACIO x 500 ml,12,,Limpieza
512,Alfajor bon o bon chocolate x 40 grs,,,Snacks y Golosinas
548,Alfajor COFLER BLOCK  x 40 grs,,,Snacks y Golosinas
394,AMOR galletitas x 110 grs,36,,Almacen
503,Amstel lager Cerveza lata 473cc,24,,Bebidas
368,Andes cerveza rubia x 710 cc,16,,Bebidas
265,Andes Lata Negra 473cc,24,,Bebidas
264,Andes Lata Roja 473cc,24,,Bebidas
260,Andes Lata Rubia origen 473cc,24,,Bebidas
261,Andes oro 473 cc,24,,Bebidas
263,Antigrasa PROCENEX doy pack x 420,15,,Limpieza
262,Antitranspirante NIVEA BLACK/WHITE Invisible TOQUE DE SEDA x 150,12,,Higiene
732,Antitranspirante Nivea men BLACK/WHITE Invisible FRESH x 150,12,,Higiene
733,antitrasnpirante NIVEA MEN ACTIVE DRY FRESH x,12,,Higiene
467,AQUARIUS agua saborizada PERA x 2.25 lt,6,,Bebidas
468,AQUARIUS agua saborizada POMELO ROSADO x 2.25 lt,6,,Bebidas
432,Arcor  Pure de tomate 520g,12,,Almacen
289,ARCOR bombones surtidos KIOSCO EN CASA x 246 g,,,Snacks y Golosinas
402,Arcor Tomate Cubeteado 400g,24,,Almacen
436,Arcor tomate perita 400g,24,,Almacen
239,ARIEL diluir + botella,4,,Limpieza
174,Ariel jabon liquido botella x 800 ml,12,,Limpieza
106,Ariel jabon liquido pouch x 800 ml,12,,Limpieza
295,ARIEL liquido limpieza profunda x 3 lt,4,,Limpieza
343,ARIEL Platinum liquido x 3 lt,4,,Limpieza
702,Asurin bolsas,,,Otros
284,AXE BLACK BZRP DEO,12,,Higiene
597,AXE Desodorante BLACK,12,,Higiene
588,AXE desodorante GOLD,12,,Higiene
589,AXE Desodorante MARINE,12,,Higiene
125,Ayudin lavandina clásica x 1 Lt,15,,Limpieza
585,AYUDIN Lavandina x 2LT,8,,Limpieza
587,Azucar DOMINO x 1 Kg,10,,Almacen
564,Azucar LEDESMA x 1 kg,10,,Almacen
680,Azucar MELGAR X 1KG,10,,Almacen
473,BabySec Pañales xg x8,4,,Higiene
466,BabySec Pañales xxg x8,4,,Higiene
713,Babysec toallitas humedas x 45 uni violeta,10,,Higiene
565,BABYSEC Ultrasoft Hiperpack G 4 x 40 u,4,,Higiene
542,BABYSEC Ultrasoft Hiperpack XG 4 x 32 u,4,,Higiene
113,BABYSEC Ultrasoft Hiperpack XXG 4 x 30 u,4,,Higiene
509,Bananita dolca sabor banana x 14 g,,,Snacks y Golosinas
598,Baygon Insecticida  MMM 300ml,12,,Insecticidas y Repelentes
101,Baygon Insecticida Verde Mata cucarachas,12,,Insecticidas y Repelentes
583,Blancaflor Harina,15,,Almacen
354,BLEM Limpiador pisos x 800 ML BOTELLA,12,,Limpieza
459,Blem lustramueble 360ml,12,,Limpieza
559,Blem lustramuebles + Grande x 420 ML,12,,Limpieza
474,BLENDERS PRIDE petaca whisky x 200 ml,12,,Bebidas
483,Brahma cerveza lata chop 473 cc,24,,Bebidas
427,Brahma Lata 473 Blanca,24,,Bebidas
429,Brahma laton 710,16,,Bebidas
458,Brahma musical 473cc,24,,Bebidas
525,Brahmita cerveza pack x 12 latas x 269 ml,,,Bebidas
547,Branca  Fernet 450cc,12,,Bebidas
580,Branca Fernet  750cc,12,,Bebidas
181,Branca fernet 1 lt,12,,Bebidas
341,Budweiser  Cerveza musica lata 473cc,12,,Bebidas
316,Budweiser cerveza blanca lata x 710,16,,Bebidas
104,Budweiser cerveza lata x 473,24,,Bebidas
308,Buhero Negro Fernet  x700cc,6,,Bebidas
105,BULNEZ al NATURAL  en trozos Atun lata,48,,Almacen
323,BULNEZ en ACEITE en trozos Atun lata,48,,Almacen
457,BULNEZ Papas tubo Cheddar x 100 g,24,,Snacks y Golosinas
469,BULNEZ Papas tubo crema y cebolla  x 100 g,24,,Snacks y Golosinas
161,BULNEZ Papas tubo Original x 100 g,24,,Snacks y Golosinas
156,Bulto CRIOLLITAS x 22 x 3 x 100 grs,22,,Almacen
87,Bulto Natura mayonesa x 500 x 12 unidades,12,,Almacen
704,Campagnola Atun al aceite x 170 gr,12,,Almacen
460,Campagnola atun al natural x 170 gr,12,,Almacen
100,Campanita Higienico  Soft 4x30,12,,Papelería
202,Cañuelas Aceite 900ml,12,,Almacen
543,Cañuelas Aceite girasol x 1.5L,12,,Almacen
581,Cañuelas Harina 000 Ultra Refinada 1 Kg,10,,Almacen
504,Cañuelas Mayonesa  125g,20,,Almacen
461,Cartabella Higienico 4x30 HS,12,,Papelería
488,Cartabella Rollo  3x40p,10,,Papelería
490,CBSE Yerba 500g,12,,Almacen
491,Celestial Rollo  3x40p,10,,Papelería
489,Celusal sal fina estuche x 500 grs,24,,Almacen
495,CELUSAL sal fina PAQUETE X 500 g,30,,Almacen
496,CEPITA DURAZNO x 995 ml,6,,Bebidas
484,CEPITA NARANJA x 995 ml,6,,Bebidas
497,CEREALITAS clasica x 212 g,40,,Almacen
499,Cerveza Andes ipa andina x 473 cc,24,,Bebidas
498,Chandon champagne extra brut x 750 cc,6,,Bebidas
485,ChocoArroz Marroc  x 22 gr,,,Snacks y Golosinas
486,Chocolina Blanco 250g,25,,Snacks y Golosinas
487,Chocolinas Galletitas chocolate  250gr,25,,Snacks y Golosinas
494,CHOCOLINAS galletitas x 100 GRS,,,Almacen
493,Chocolinas Galletitas170 gr,,,Snacks y Golosinas
492,CIF antigrasa x 450 ml,15,,Limpieza
531,Cif Dedetergente Lima verde 300cc,12,,Limpieza
530,Cif Dedetergente Limon 300cc,12,,Limpieza
527,Cif detergente bioactive Lima 500ml,12,,Limpieza
526,Cif detergente bioactive Limón 500ml,12,,Limpieza
529,CIF limpia baño x 450 ml,15,,Limpieza
532,CIF limpia vidrios x 450 ml,15,,Limpieza
528,CIF limpiador cremoso boiactive original x 375 gr,12,,Limpieza
533,CIF limpiador cremoso ROSAS Y JAZMIN X 375 gr,12,,Limpieza
475,CIF limpiador cremoso ROSAS Y JAZMINESmultiuso 750gr,12,,Limpieza
539,CIF repuesto detergente bioactive lima 450ml,15,,Limpieza
443,CIF repuesto detergente bioactive limon 450ml,15,,Limpieza
540,Cif repuesto Lustra mueble ultra brillo anti polvo  380ml,15,,Limpieza
472,CINDOR leche chocolatada x 1 LT,12,,Almacen
288,Closeup Dientes fuertes x 70 g Verde,12,,Higiene
412,Closeup Menta americana x 70 g Rojo,12,,Higiene
536,Closeup menta fresca Azul x 70 g,12,,Higiene
518,COCA CLASICA + COCA ZERO X 2.25,6/8,,Bebidas
107,"Coca cola 2,25L",6/8,,Bebidas
108,Coca cola x 500,6,,Bebidas
661,Coca cola ZERO x 2.25 L,6/8,,Bebidas
659,COCA-COLA 2.5 LT,6/8,,Bebidas
662,COCA-COLA original x 600 ml,6,,Bebidas
667,COCINERO Aceite girasol  x 900 cc,12,,Almacen
663,COCINERO Aceite x 1.5 LT,12,,Almacen
658,Cofler Galletitas Rellenas de Bon o Bon 85 g,,,Almacen
665,COLGATE Cepillo dental premier clean x 12 un.,84/validar,14,Higiene
664,Colgate crema dental  maxima proteccion x 90 g,144/72,12,Higiene
660,Colgate Crema dental triple accion Menta org 180g,60/72,12,Higiene
666,COLGATE crema dental triple acción x 90 grs,144/72,12,Higiene
310,Colgate Crema Dental ultra blanco  x 90g,144/72,12,Higiene
742,Colgate original máxima proteccion 180g,60/72,12,Higiene
555,Colgate TRIPLE ACCIÓN x 50 G,144,12,Higiene
557,COREGA crema dental adhesiva sin sabor x 20 GRS,48,,Higiene
510,COREGA protesis dental x 70 GRS,24,,Higiene
748,Corona 330cc,24,,Bebidas
743,Corona 710cc,12,,Bebidas
103,Corona Lata 410cc,24,,Bebidas
703,CRIADORES Vodka Raspberry frutilla x 195 ml,12,,Bebidas
102,CRIADORES VODKA x 190 ml Petaca,12,,Bebidas
758,CRIADORES whisky x 195 ml,12,,Bebidas
700,"CUNNINGTON gaseosa pomelo suave x 2,25 L",6,,Bebidas
325,CURITAS tela elastica flex x 8 unid,24,,Higiene
411,Del Valle Sidra x 720cc,6,,Bebidas
223,Detergente ALA ULTRA limon x 500 gr,12,,Limpieza
317,Detergente ALA ULTRA OCEANO x 500 ml,12,,Limpieza
172,Detergente ALA ULTRA POMELO x 500 ml,12,,Limpieza
334,Detergente ALA ULTRA X 300 GR,12,,Limpieza
139,DOBLE-V whisky x 200 ml,24,,Bebidas
351,Don Arregui  Yerba Con Boldo y Poleo (Violeta),12,,Almacen
760,Don Arregui  Yerba Con Hierbas serranas (Verde Oscuro),12,,Almacen
761,Don Arregui Yerba Con Burrito (amarillo),12,,Almacen
646,Don Arregui Yerba Con Cedrón (Rojo),12,,Almacen
230,Don Arregui Yerba Con Menta (Verde),12,,Almacen
266,Don Arregui Yerba Con Peperina (Celeste),12,,Almacen
374,DON VALENTIN LACRADO 6 X 750 ML,6,,Bebidas
135,Dove  Jabon tocador Original 90gr,60,,Higiene
329,DOVE AC Brillo + Oleo Micelar x 400,12,,
248,DOVE AC Hidratacion + Vitaminas x 400,12,,
210,DOVE AC Nutricion + Fusion de oleos x 400,12,,
332,DOVE AC Reconstruccion + Keratina x 400,12,,
171,DOVE AC Ritual reparacion coco x 400,12,,
247,DOVE acondicionador ritual reparacion x 200,12,,Higiene
324,DOVE AERO pera x 150 ml,12,,Higiene
114,DOVE aerosol INVISIBLE DRY x 150 ml,12,,Higiene
655,Dove Antitranspirante aerosol  ORIGINAL x 150 ml,12,,Higiene
656,Dove barra antitranspirante original x 50 gr,12,,Higiene
138,Dove desodorante aerosol coco y flor jazmín x 150 ml,12,,Higiene
339,Dove Desodorante POMELO x 150 ml,12,,Higiene
695,Dove desodorante roll on original x 50 ml,12,,Higiene
227,DOVE GRANADA aero x 150 ml,12,,Higiene
320,DOVE Jabin Cuidado Antibacterial x 90 g,48,,Higiene
464,DOVE Jabon Cuidado indulgente x 90 g,48,,Higiene
699,DOVE Jabon KARITE x 90 g,48,,Higiene
754,DOVE Jabon Nutricion x 90,48,,Higiene
109,DOVE Jabon Piel sensible x 90 g,48,,Higiene
79,DOVE MEN CARE EXTRA FRESH  Aero x 150 ml,12,,Higiene
186,DOVE MEN CARE INVISIBLE DRY MEN DEO,12,,Higiene
672,DOVE MEN CARE SPORT FRESH Aero x 150 ml,12,,Higiene
644,DOVE MEN Protección Total roll on x 50 ml,12,,Higiene
566,DOVE POMELO aero x 150 ml,12,,Higiene
431,Dove roll on GRANADA x 50 ml,12,,Higiene
751,Dove roll on invisible dry x 50 ml,12,,Higiene
569,DOVE rollon pomelo x 50 g,12,,
643,DOVE SH Brillo + oleo micelar x 400,12,,
697,DOVE SH Hidratacion + Vitaminas x 400,12,,
307,DOVE SH Nutricion + fusion de oleo x 400,12,,
445,DOVE SH Reconstruccion + keratina x 400,12,,
313,DOVE SH Ritual reparacion coco x 400,12,,
350,DOVE shampoo OLEO NUTRICION x 200 ml,12,,Higiene
70,DOVE shampoo ritual reparacion x 200,12,,Higiene
315,Downy suavizante concentrado x 500 ml BOTELLA,12,,Limpieza
556,DR. LEMON Mojito lata x 473 ml,24,,Bebidas
349,El coloso Bolsa 45x60,10,,Limpieza
314,El Coloso Jabon Pan Blanco,48,,Limpieza
72,ELECTO Pan dulce con chips  x 400 g,8,,Almacen
292,ELECTO Pan dulce con frutas x 400 g,8,,Almacen
745,ELEGANTE pañuelos x 6 x 10 unid.,30,,Papelería
71,Elegante rollo de cocina x3,10,,Papelería
318,Elite JABON DE TOCADOR x 85 grs,48,,Higiene
335,Elite Pañuelos x 6,35,,Papelería
133,Energizer AA Pilas,20,,Otros
164,Energizer AAA Pilas,20,,Otros
145,Escudo Insecticida  MMM 369ml,12,,Insecticidas y Repelentes
237,Escudo Repelente Aerosol Naranja 180ml.,12,,Insecticidas y Repelentes
294,"Fanta x 2,25",6,,Bebidas
214,Felpita  Higienico 6x80 H/S,10,,Papelería
570,Felpita  Servilletas  24x70 Decoradas,24,,Papelería
357,Felpita  Servilletas 24x70 Blancas,24,,Papelería
187,Felpita Higienico  4x30 HS,12,,Papelería
637,Felpita Higienico  4x50 HS,10,,Papelería
312,Felpita Higienico  4x80 HS,10,,Papelería
668,Felpita Higienico 4x20 HD,10,,Papelería
670,Felpita Higienico 4x30 HD,10,,Papelería
709,Felpita Higienico 4x50 HD Infinity,10,,Papelería
622,Felpita Higienico 6x30 HS,10,,Papelería
355,Felpita Higienico kids 4x30,10,,Papelería
376,Felpita Individuales x70,,,Papelería
352,Felpita MaxiRollo Alto x150p,12,,Papelería
336,Felpita MaxiRollo x200p,12,,Papelería
200,Felpita Rollo 10x3 Blanco 40 p,10,,Papelería
199,Felpita Rollo 10x3 decorado 40p,10,,Papelería
201,Felpita Rollo 3x40 Navideño decorado,10,,Papelería
209,Felpita Rollo 3x60 Decorado 180P,10,,Papelería
208,Felpita Rollo de cocina INFINITY 3 x 100 p,5,,Papelería
233,Felpita Rollo Disney 3x40p,10,,Papelería
582,Felpita Servilletas  42x40 Blancas,42,,Papelería
188,Felpita Servilletas  42x40 Decorada,42,,Papelería
298,Felpita Servilletas  x12u x 140 Blancas,12,,Papelería
687,Floripel Higienico suave 4x30 HS,12,,Papelería
213,Floripel Rollo 3x40p,10,,Papelería
212,FRIZZE blue evolution x 1 LT,6,,Bebidas
169,Fuyi mata moscas y mosquitos aero x 360 cc,12,,Insecticidas y Repelentes
168,Galletitas CRIOLLITAS 3 x 100 grs,,,Almacen
330,Galletitas rellenas OPERA x 220 grs,14,,Almacen
353,Galletitas surtido BAGLEY x 400 gr,21,,Almacen
241,Galletitas surtido DIVERSION X 400 gr,21,,Snacks y Golosinas
219,Gancia x 950 cm,12,,
116,GATORADE BLUE 6 x 1.25 lt,6,,Bebidas
167,GATORADE Blue 6 x 750,6,,Bebidas
516,Gatorade COOL BLUE 6 x 500 cc,6,,Bebidas
701,Gatorade Frutas Tropicales 1.25L,6,,Bebidas
390,Gatorade FRUTAS TROPICALES 6 x 500 cc,6,,Bebidas
115,GATORADE Frutas tropicales 6 x 750 cc,6,,Bebidas
379,GATORADE Manzana 6 x 1.25 LT,6,,Bebidas
293,Gatorade MANZANA 6 x 500 cc,6,,Bebidas
296,GATORADE Manzana 6 x 750 cc,6,,Bebidas
331,GATORADE Naranja 6 x 1.25 lt,6,,Bebidas
217,Gatorade NARANJA 6 x 500 cc,6,,Bebidas
231,Gatorade Naranja x 1.25L,6,,Bebidas
452,Gatorade UVA 6 x 500 cc,6,,Bebidas
451,Gilittey presto ultragrip 3 hojas ECONOMICA,24,,Higiene
446,GILLETTE  comfort gel gris 3 filos x 8 u.,,,Higiene
756,Gillette 2 hojas presto ultragrip,24,,Higiene
690,Gillette 3 hojas,10,,Higiene
691,Gillette 3 hojas women,,,Higiene
377,GILLETTE COOL prestobarba 3 hojas x 2 u.,10,,Higiene
121,Gillette DAISY x 5 unid.,,,Higiene
120,GILLETTE presto 3  filos gris x 1 unid.,10,,Higiene
617,GILLETTE presto sensitive verde 3 filos x 2 u.,12,,Higiene
737,GILLETTE presto ultra grip 2 FILOS mas 2 champions 3 filos,,,Higiene
738,Gillette prestobarba 3 filos Aqua,8,,Higiene
395,GILLTTE Venus SUAVE con aloe vera x 1,8,,Higiene
615,Glaciar Agua  2L,6,,Bebidas
614,GLADE Lavanda deo de ambiente x 360 ml,6,,Limpieza
613,GLADE Limon deo de ambiente,6,,Limpieza
671,GLADE Potpourri deo ambiente x 360 ml,6,,Limpieza
249,GLADE Vainilla deo ambiente x 360 ml,6,,Limpieza
148,Gran fragata fosforos  x 400,,,Otros
405,GRANBY bicarbonato x 800 jabon liquido,12,,Limpieza
153,Granby diluir jabin liquido x 500,12,,Limpieza
328,Grolsch Lata Cerveza  473 cc,24,,Bebidas
299,Guaymallen Alfajor Blanco simple,,,Snacks y Golosinas
592,Guaymallen Alfajor Blanco triple,,,Snacks y Golosinas
591,Guaymallen Alfajor Negro triple,,,Snacks y Golosinas
401,Hadibell shampoo/acondicionador vs fragancias,,,Higiene
220,Heineken cerveza blanca  lata x 473 cc,24,,Bebidas
554,Heineken Cerveza porron 330cc,24,,Bebidas
537,Heineken laton 710,24,,Bebidas
128,Hellmans ketchup  x 250 gr,24,,Almacen
251,Hellmans Ketchup SACHET x 60 grs,30,,Almacen
367,Hellmans liviana x 237 gr,24,,Almacen
366,Hellmans Mayonesa  118g,20,,Almacen
380,Hellmans Mayonesa  237g,24,,Almacen
275,Hellmans Mayonesa  475g,15,,Almacen
519,Hellmans Mayonesa  Liviana 475g,15,,Almacen
765,Hellmans mayonesa 950ml,8,,Almacen
764,HELLMANS SABOR BACON X 250 G,24,,Almacen
766,Higienol fresh 4 x 30 Hs,12,,
716,HiGIENOL Max 4 x 80 mts,10,,Papelería
763,HIGIENOL Papel Higienico MAX  x 100 hs,10,,Papelería
521,HIGIENOL Papel higienico PLUS 4 X 30 M D HOJA,10,,Papelería
755,Hileret Azucar light bolsa x250g,9,,Almacen
522,Hileret Azucar x 500 GRS,9,,Almacen
404,HILERET liquido clasico x 250,9,,Almacen
520,Hileret LIQUIDO CLASICO X 500,9,,Almacen
538,Hileret sobres Stevia x50,8,,Almacen
430,HILERET sobres x 100 unid.,8,,Almacen
674,HILERET sobres x 50 unid.,8,,Almacen
553,Hisopos de algodon x 75 unid. Q SOFT,,,Higiene
669,Huggies Pañales  G x12 Amarillo,12,,Higiene
736,Huggies Pañales  G x12 Celeste,12,,Higiene
465,Huggies Pañales  XG x12 Amarillo,12,,Higiene
76,Huggies Pañales  XXG x 12 Celeste,12,,Higiene
75,Huggies Pañales  XXG x12 Amarillo,12,,Higiene
269,Huggies protec plus XG x 12 celeste,12,,Higiene
448,Huggies toallitas humedas bebe triple proteccion x 80,12,,Higiene
449,HUGGUIES toallitas x 48 unid.,30,,Higiene
437,Imperial Cerveza rubia Apa lata 473,24,,Bebidas
438,IMPERIAL cerveza rubia x 710 cc,,,Bebidas
517,Imperial Golden rubia latón 710cc,,,Bebidas
340,Imperial IPA  lata x 473 cc,24,,Bebidas
388,ISENBECK Cerveza x 473 cc,24,,Bebidas
244,Kesitas Galletita Traviata  Queso 96g,,,Snacks y Golosinas
471,KEVIN Desodorante original x 150,6,,Higiene
177,Kimbies Toallitas humedas bebe x 48,30,,Higiene
179,KIT-KAT leche x 24 un.,96,,Snacks y Golosinas
175,KNORR caldo verduras x 12,80,,Almacen
178,Kolinos 90g,12,,Higiene
176,KOLYNOS dental super blanco x 50 GRS,12,,Higiene
183,KOLYNOS súper blanco x 90 grs,12,,Higiene
111,KOTEX PROTECTORES DIARIOS X 20 uni,,,Higiene
705,KOTEX toallas femeninas con alas especial x 8,,,Higiene
759,LA CAMPAGNOLA PERITA en lata x 400,24,,Almacen
110,LA CAMPAGNOLA pure de tomate x 520 grs,12,,Almacen
122,LA HOJA Yerba x 500 grs,10,,Almacen
762,La Providencia Galletitas Crackers 5 X 101 G,16,,Almacen
562,La Providencia Galletitas crackers x 3,16,,Almacen
677,LA TRANQUERA SUAVE yerba 12 X 500 GR,12,,Almacen
389,La Tranquera Yerba Liviana 500g,12,,Almacen
619,La victoria sidra fresas fizz x 720 ml,6,,Bebidas
616,LA VIRGINIA Te en saquitos x 25 uni,10,,Almacen
620,Lady soft confort x 8 celeste,54,,Higiene
618,Ladysoft Nocturna soft x 8 u,54,,Higiene
92,Ladysoft normal seca x 8 naranja,54,,Higiene
117,Ladysoft normal verde x 8,54,,Higiene
118,LadySoft Protector diario,54,,Higiene
621,LadySoft Toallitas normal x8,54,,Higiene
739,LadySoft Toallitas ultra delgada x8,54,,Higiene
252,Ladysoft ultra delgada x 8 violeta,54,,Higiene
506,LIMZUL Jabon liquido x 3 L,4,,Limpieza
450,LINA Protector Diario x 20 uni.,48,,Higiene
577,Lina toallitas x8,48,,Higiene
397,LIT Cerveza rubia x 473 cc,24,,Bebidas
399,LORD CHESELINE Gel extra fijación pomo x 150 g,6,,Higiene
400,LORD CHESELINE Gel extra fijación pote x 280 grs,6,,Higiene
396,Lux Flor de Vainilla jabón x125g,72,,Higiene
579,LUX Jabón Jazmín x3 120g,24,,Higiene
576,LUX Jabón Lirio Azul x3 120g,24,,Higiene
575,LUX Jabón Orquídea Negra x3 120g,24,,Higiene
578,LUX Jabón Rosas Francesas x3 120g,24,,Higiene
398,Lux Jazmín cremoso jabón x125g,72,,Higiene
416,Lux Lirio Azul jabón x125g,72,,Higiene
406,Lux Orquídea Negra jabón x125g,72,,Higiene
717,Lux Rosas francesas jabón x125g,72,,Higiene
712,LUX X 3 unid.  VAINILLA X 125 G,24,,Higiene
710,LUXOM foco LEDLIGHT x 9w,10,,Otros
718,Lysoform AIRE MONTANA x 360 cc,12,,Limpieza
711,Lysoform BEBE  x 360 cc,12,,Limpieza
470,Lysoform CITRICA x 360 cm,12,,Limpieza
385,Lysoform FRUTAL x 360 cm,12,,Limpieza
215,Lysoform LAVANDA x 360 cc,12,,Limpieza
753,Lysoform ORIGINAL x 360 cm,12,,Limpieza
752,MAGGI pure de papa cremoso x 125 GR,12,,Almacen
147,Magistral detergente platinum  verde x 500,12,,Limpieza
146,Magistral detergente platinum limon verde x 300 ml,12,,Limpieza
371,Magistral Limon 215ML,21,,Limpieza
287,Magistral Limon 300ml,21,,Limpieza
584,Magistral Limon 500ml,20,,Limpieza
206,Magistral Marina 500ml,20,,Limpieza
204,Magistral Marina x 300 ml,21,,Limpieza
205,Magistral PUREZA ACTIVA  x 300 ml,21,,Limpieza
203,Magistral PUREZA ACTIVA  x 500 ml,20,,Limpieza
144,Mantecol x 26 grs,24,,Almacen
235,Mañanita Yerba  500g,10,,Almacen
387,Mañanita Yerba 1kg,10,,Almacen
386,Mapex espirales triples lavanda x 12,,,Insecticidas y Repelentes
747,MAROLIO pure de tomate x 520 g,24,,Almacen
256,Mat Iris espirales tradicional x 12,100,,Insecticidas y Repelentes
255,Media tarde Galletita clásica x3 115 grs,,,Snacks y Golosinas
254,MELITAS galletitas x 170 grs,,,Almacen
253,MELLIZAS galletitas x 112 grs,36,,Almacen
551,MERENGADAS galletitas x 93 grs,36,,Almacen
550,MERLE- GIN - Edicion limitada x 750 ml,6,,Bebidas
746,MICHELOB Ultra Cerveza x 473 cc,24,,Bebidas
409,"Milka  Oblea Bis 105,6 g Chocolate x16",,,Snacks y Golosinas
378,Milka Bombon Oreo,,,Snacks y Golosinas
410,Milka Chocolate con Leche 20g,,,Snacks y Golosinas
384,Miller cerveza lata x 473 cc,24,,Bebidas
363,Miller cerveza latón 710cc,24,,Bebidas
365,MINERVA jugo de limon x 250 cm2,12,,Almacen
364,Minerva jugo de limon x 500 cc,12,,Almacen
382,MOLTO pure de tomate x 520,24,,Almacen
403,MOLTO Tomate en lata x 400 gr,24,,Almacen
369,MOLTO tomate TRITURADO botella x 960 g,8,,Almacen
407,MORIXE harina 000 x 1kg,10,,Almacen
361,MR MUSCULO limpia horno x 360,12,,Limpieza
375,Natura Aceite 1.5L,12,,Almacen
360,NATURA Aceite x 900 ml,12,,Almacen
362,Natura Ketchup x 250,12,,Almacen
408,Natura Mayonesa  125g,20,,Almacen
698,Natura Mayonesa  500 cc,12,,Almacen
686,Natura Mayonesa 250g,12,,Almacen
393,NATURA Mayonesa x 1 kg,8,,Almacen
757,Natura Mayonesa x 250 cm  bulto x 12,12,,Almacen
270,NATURA mostaza x 250 cc,12,,Almacen
546,Nesquik Cacao en polvo 180g,12,,Almacen
337,Nestle Agua de mesa sin gas 1.5L,6,,Bebidas
338,Nestle Agua de mesa sin gas 2.25L,6,,Bebidas
734,NIVEA crema multiproposito lata x  60 ml,12,,Higiene
735,NIVEA Men ANTIBAC PROTEC x 150 ml,12,,Higiene
642,NIVEA Rollon Active dry  impact x 50 g,12,,Higiene
641,Nivea Rollon Black White x 50 g,12,,Higiene
636,NIVEA Rollon Dry Confort x 50 g,12,,Higiene
454,NIVEA Rollon Mujer Black White clear x 50 g,12,,Higiene
456,NIVEA Rollon Sensitive Protect x 50 g,12,,Higiene
640,Nobleza Gaucha Yerba suave x 500g,10,,Almacen
649,Norton cosecha tardia vino blanco dulce x 750 ml,6,,Bebidas
650,NOSOTRAS tampones sin aplicador x 8 unid regular,,,Higiene
651,NOVECENTO EXTRA BRUT x 750 ml,6,,
645,NOVECENTO EXTRA DULCE x 750 ml,6,,
696,O.B tampones siempre libre original x 8 unid,,,Higiene
453,ODEX detergente ultra Limón x 500 grs,12,,Limpieza
455,Odorono Rexona Antitranspirante x 60 g,12,,Higiene
652,OFF Repelente CREMA 60g,12,,Insecticidas y Repelentes
653,OFF Repelente Family Aerosol 170cc,12,,Insecticidas y Repelentes
648,ORAL B 3D White x 70 g,48,,Higiene
609,ORAL B Cepillo Dental Mickey,12,,Higiene
606,Oral b Crema dental 100% esmalte  70 grs,12,,Higiene
714,Oral b Crema dental 4 en 1  70 g,12,,Higiene
634,Oral B crema dental anticaries menta suave x 70 grs,12,,Higiene
676,Oral b crema dental extra blanco  x 70 g,12,,Higiene
679,ORAL-B anticaries x 150 grs,6,,Higiene
611,Oreo Galletita x 1 x 118 grs,36,,Snacks y Golosinas
612,Oreo Galletita x 3 x 118 grs,12,,Almacen
715,Pamper  Toallitas Humedas  siempre limpio 48u,12,,Higiene
719,Pamper  Toallitas Humedas Aroma aloe vera 48u,12,,Higiene
604,Pamper Toallitas Humedas Aroma Bebe 48u,12,,Higiene
684,Pamper Toallitas Humedas higiene completa 48u,12,,Higiene
628,Pamper Toallitas Humedas limpieza delicada 48u,12,,Higiene
610,Pamper Toallitas Humedas sin perfume 48u,12,,Higiene
632,PANTENE Acondicionador colageno nutre y revitaliza X 400 ml,12,,Higiene
681,PANTENE Shampoo colageno nutre y revitaliza X 400 ML,12,,Higiene
706,Patagonia  Cerveza IPA on Vera 730cc,6,,Bebidas
631,Patagonia Cerveza Amber Lager 730cc,6,,Bebidas
675,Patagonia Cerveza Bohemian 730cc,6,,Bebidas
707,Patagonia Cerveza IPA 24.7 KM 730cc,6,,Bebidas
629,Patagonia Cerveza Weisse 730cc,6,,Bebidas
603,Pepitos 118g x 1,60,,Snacks y Golosinas
683,Pepitos x 3 x 118 grs,20,,Almacen
635,Pepsi Black 500cc,6,,Bebidas
607,Pepsi black x 2 lt,6,,Bebidas
682,PEPSI gaseosa cola x  2 LT,6,,Bebidas
678,Pepsi regular 500cc,6,,Bebidas
608,PEPSI Retornable x 2 LT,6,,Bebidas
630,PICNIC bizc. x 38 gr,40,,Almacen
633,Pindy galletitas crackers  x 3,,,Snacks y Golosinas
605,Pirisa espiral repelente x 10 unidades,60,,Insecticidas y Repelentes
428,Playadito Yerba  500g,10,,Almacen
259,Playadito Yerba 1KG,10,,Almacen
242,PLUSBELLE Acondicionador x 1 LT Frescura,12,,Higiene
243,Plusbelle jabon balance nitrioil 120g,,,Higiene
273,Plusbelle jabon frescura nitrioil 120g,,,Higiene
271,Plusbelle jabon humectacion nitrioil 120g,,,Higiene
245,Plusbelle jabon nutrición nitrioil 120g,,,Higiene
326,PLUSBELLE Shampoo  NUTRICION x 1000 ML,12,,Higiene
268,PLUSBELLE Shampoo PROTECCION x 1000 ML,12,,Higiene
240,PLUSBELLE Shampoo x 1 LT Suavidad,12,,Higiene
166,POET aero Suavidad de Algodon x 360 ml,6,,Limpieza
285,POLENTA Presto pronta x 730 g x 24 unid.,15,,Almacen
222,PORTENITAS galletitas x 139 g,,,Almacen
234,Presto Pronta Polenta x 480 grs,,,Almacen
232,Pringles Cebolla,12,,Snacks y Golosinas
236,PRINGLES crema y cebolla x 40 g,12,,Snacks y Golosinas
594,Pringles Original,12,,Snacks y Golosinas
238,PRINGLES original x 40 gr,12,,Snacks y Golosinas
327,Pringles Queso,12,,Snacks y Golosinas
311,Procenex AIRE DE PRIMAVERA X 900,12,,Limpieza
304,Procenex FLORAL x 900 ml,12,,Limpieza
283,Procenex FLORES DE JARDIN x 900 ml,12,,Limpieza
297,Procenex JAZMIN  x 900 ml,12,,Limpieza
258,Procenex LAVANDA x 900 ml,12,,Limpieza
534,Procenex LIMON x 900 ml,12,,Limpieza
647,Procenex MARINA x 900 ml,12,,Limpieza
657,Procenex PINO x 900 cc,12,,Limpieza
477,PROCENEX Vidrios DOY PACK X 420,12,,Limpieza
434,QUERUBIN Botella liquido x 3 L,4,,Limpieza
279,QUERUBIN jabon liquido X 3 LT,4,,Limpieza
425,QUERUBIN Liquido x 800,12,,Limpieza
426,Querubin Suavizante FLORES CITRICAS X 900 cm,12,,Limpieza
290,Querubin Suavizante FLORES DEL BOSQUE x 900 cm,12,,Limpieza
291,QUERUBIN suavizante Flores silvestres x 3 LTS,4,,Limpieza
419,QUERUBIN Suavizante Flores Silvestres x 900 ml,12,,Limpieza
417,Quilmes Cerveza 1890 lata 473 cc,24,,Bebidas
593,Quilmes Cerveza Lata 473 cc,24,,Bebidas
595,Quilmes Cerveza Lata Ipa  473cc,24,,Bebidas
418,Quilmes Cerveza NEGRA STOUT 473cc,24,,Bebidas
280,Quilmes Cerveza SIN ALCOHOL  473cc,24,,Bebidas
462,Quilmes latón 710 cc,16,,Bebidas
567,Raid azul mata moscas y mosquitos x 380 cc,12,,Insecticidas y Repelentes
626,RAID Espirales Country violeta x 12,24,,Insecticidas y Repelentes
347,Raid Espirales doble acción x 12u,24,,Insecticidas y Repelentes
346,Raid Espirales sobre 4 unidades,48,,Insecticidas y Repelentes
421,RAID NEGRO extermina cucarachas aero x 390,12,,Insecticidas y Repelentes
749,RAID Tabletas 12 Noches doble acción,20,,Insecticidas y Repelentes
624,RAPSODIA mini torta 24 x 80 grs,24,,Almacen
741,RAVANA CACAO X180GR,,,Almacen
750,RAVANA FLAN CHOCOLATE X60GR,12,,Almacen
126,RAVANA FLAN DDL X60GR,12,,Almacen
654,RAVANA FLAN VAINILLA X60GR,12,,Almacen
423,RAVANA GELATINA ANANA X40GR,,,Almacen
226,RAVANA GELATINA CEREZA X 40GR,,,Almacen
225,RAVANA GELATINA FRAMBUESA X 40 GR.,,,Almacen
356,RAVANA GELATINA FRUTILLA X 40 GR.,,,Almacen
358,RAVANA GELATINA MANZANA X 40 GR,,,Almacen
424,RAVANA GELATINA NARANJA X 40GR,,,Almacen
422,RAVANA GELATINA S/SABOR,,,Almacen
439,RAVANA MOUSSE CHOCOLATE,,,Almacen
440,RAVANA MOUSSE DDL,,,Almacen
447,RAVANA POSTRE CHOCOLATE X90GR,,,Almacen
348,RAVANA POSTRE DDL X90GR,,,Almacen
342,RAVANA POSTRE VAINILLA X90GR,,,Almacen
207,Red Bull  Bebida Energizante Lata 355cc,24,,Bebidas
433,Red Bull Bebida Energizante  Lata 250cc,24,,Bebidas
479,repelente off extra duracion,12,,Insecticidas y Repelentes
480,Repuesto LYSOFORM X 450 CC,15,,Limpieza
441,Rex Galletita Traviata Original 96g,,,Snacks y Golosinas
413,REXONA aero antitr Bamboo y Aloe vera x 150 ml,12,,Higiene
224,Rexona aero efficient FRESH X 153  ML,12,,Higiene
278,REXONA antitranspirante Active Motion x 250 ml,12,,Higiene
725,REXONA antitranspirante MEN V8 roll on x 50 g,12,,Higiene
744,Rexona Antitranspirante mujer active motion x 150 ml,12,,Higiene
728,Rexona antitranspirante mujer antibacterial protección x 150 ml,12,,Higiene
727,Rexona Antitranspirante mujer cotton dry x 150 ml,12,,Higiene
511,Rexona antitrasnpirante nutritive BARRA  x 50 g,12,,Higiene
623,REXONA CLINICAL antitranspirante extra dry x 110 ml,12,,Higiene
685,Rexona deo Aero efficient original x 153 ml,12,,Higiene
599,Rexona deo antitranspirante V8 x 150 ml,12,,Higiene
600,Rexona Deo MEN antibacterial protección x 150 ml,12,,Higiene
282,Rexona desodorante  hombre  x 150 ml,12,,Higiene
508,Rexona desodorante fútbol fanatics x150 ml,12,,Higiene
601,Rexona desodorante hombre invisible x 150 ml,12,,Higiene
112,Rexona Extracool x 150 ml,12,,Higiene
373,REXONA Jabon antibacterial x 90 grs,108,,Higiene
505,REXONA Jabon x 3,12,,Higiene
221,Rexona men CLINICAL crema x 48 g,12,,Higiene
149,REXONA roll on INVISIBLE MEN x 50 cc,12,,Higiene
134,Rexona roll on sensitive men x 50 cc,12,,Higiene
124,Rexona talco FRESH efficient x 100 g,12,,Higiene
535,Rexona talco original efficient x 100 g,12,,Higiene
721,Rexona talco original efficient x 200 g,12,,Higiene
720,REXONA XTRACOOL men antitr.,12,,Higiene
602,REXONA XTRACOOL Men deo x 150 cc,12,,Higiene
515,Rhodesia Chocolate 22g,,,Snacks y Golosinas
673,Rinde dos ANANA,240,,Almacen
81,Rinde dos DURAZNO,240,,Almacen
708,Rinde dos MANZANA,240,,Almacen
85,Rinde dos MIX FRUTAL,240,,Almacen
82,Rinde dos NARANJA,240,,Almacen
84,Rinde dos NARANJA BANANA,240,,Almacen
80,Rinde dos NARANJA DURAZNO,240,,Almacen
514,Rinde dos PERA,240,,Almacen
83,RockStar Energizante Manzana 500cc,6,,Bebidas
568,RUMBA galletitas x 112 grs,36,,Almacen
638,Sabores del Valle Pure de Tomate x 520 grs,12,,Almacen
414,Sal fina DOS ANCLAS paquete x 500 grs,,,Almacen
639,Sal gruesa paquete CELUSAL x 500 grs,30,,Almacen
481,SALSATI pure de tomate x 520 grs,12,,Almacen
482,Savora mostaza  original x 250 gr,24,,Almacen
478,Savora moztaza x 60 grs,30,,Almacen
463,Schneider Cerveza latón 710cc,24,,Bebidas
524,SEDAL Acondicionador BOMBA ARGAN x 190 ml,12,,Higiene
724,SEDAL Acondicionador CARBON X 190 ML,12,,Higiene
476,SEDAL Acondicionador CARBON x 340 ml,12,,Higiene
142,SEDAL acondicionador CERAMIDAS x 190 ml,12,,Higiene
590,SEDAL acondicionador CREMA BALANCE x 190 ml,12,,Higiene
383,SEDAL Acondicionador HIALURONICO x 190 ml,12,,Higiene
586,SEDAL acondicionador REPUESTO Ceramidas x 300 ml,12,,Higiene
693,SEDAL acondicionador Repuesto CREMA BALANCE x 300 ml,12,,Higiene
344,SEDAL acondicionador Repuesto RES. INSTANTANEA x 300 ml,12,,Higiene
345,SEDAL acondicionador RESTAURACION x 340 ml Naranja,12,,Higiene
415,SEDAL SACHET crema balance SHAMPOO x 10 ml,24,,Higiene
420,SEDAL shampoo CERAMIDAS x 190 ml,12,,Higiene
574,SEDAL shampoo CREMA BALANCE x 190 ml,12,,Higiene
322,SEDAL Shampoo Repuesto CERAMIDAS x 300 ml,12,,Higiene
77,SEDAL Shampoo Repuesto CREMA BALANCE x 300 ml,12,,Higiene
78,SEDAL shampoo Repuesto RES. INSTANTANEA x 300 ml,12,,Higiene
267,SEISEME jabon en pan,48,,Limpieza
692,Selton rojo aerosol x 360cc,6,,Insecticidas y Repelentes
198,SEVEN-UP x 1.5 L LIMA LIMON,6,,Bebidas
94,Sidra 1930 demi sec,,,
93,Sidra 1930 dulce,,,
191,Sidra 1930 Pera,,,
541,Silkey Repelente spray x 200ml,24,,Insecticidas y Repelentes
321,SINFONIA obleas clasicas x 200 gr,,,Almacen
73,Skala 12 EM 1 x 1000 g,6,,Higiene
163,Skala ABACATE x 1000 g,6,,Higiene
197,SKALA Acachonados x 1000 g,6,,Higiene
151,Skala AMIDINHO DE MILHO 2 en 1 x 1000 g,6,,Higiene
96,SKALA BABOSA x 1000 g,6,,Higiene
98,SKALA Banana x 1000 g,6,,Higiene
95,Skala Bomba de BIOTINA x 1000 g,6,,Higiene
99,Skala Bomba de VITAMINAS x 1000 g,6,,Higiene
170,SKALA Ceramidas x 1000 g,6,,Higiene
435,SKALA Cereja x 1000 g,6,,Higiene
182,Skala COCO  x 1000 G,6,,Higiene
229,Skala Coquetel Frutas x 1000 g,6,,Higiene
160,Skala DIVINA COR 2 en 1 x 1000 g,6,,Higiene
560,Skala GENETIQS x 1000 g,6,,Higiene
97,Skala GLICOLICO 3 en 1 x 1000 g,6,,Higiene
152,SKALA Jaborandi x 1000 g,6,,Higiene
194,SKALA KIDS Divino Potinhos,6,,Higiene
740,Skala LAMA NEGRA x 1000 g,6,,Higiene
193,SKALA Mais CACHINHOS,6,,Higiene
627,SKALA MAIS CACHOS x 1000 g,6,,Higiene
184,Skala MAIS CRESPOS 2 en 1 x 1000 g,6,,Higiene
150,Skala MAIS LISOS X 1000 G,6,,Higiene
196,SKALA Manca x 1000 g,6,,Higiene
192,SKALA MAnga x 1000 g,6,,Higiene
159,Skala Manteiga de KARITE x 1000 g,6,,Higiene
173,SKALA Maracuja x 1000 g,6,,Higiene
625,SKALA Melancia x 1000 g,6,,Higiene
381,Skala Oleo de ARGAN X 1000 g,6,,Higiene
502,Skala POTAO DO AMOR 2 en 1 x 1000 g,6,,Higiene
301,Skala RAIZES DO MORRO x 1000 g,6,,Higiene
392,Skala Vinagre de MACA x 1000 g,6,,Higiene
544,SKIP diluir liquido x 500 ml,12,,Limpieza
545,Skip Jabon Liquido  BIO Enzimas 3L,4,,Limpieza
552,SKIP liquido x 800,12,,Limpieza
281,SKY Cosmic Vodka x 750 ml,12,,Bebidas
731,Soft Paper Rollo de cocina 10x3 40p,10,,Papelería
729,Sonrisas Galletitas,36,,Almacen
730,Speed 869ml,24,,Bebidas
513,Sprite 2.25,6/8,,Bebidas
129,Stella Artois Cerveza lata x 473 cc,24,,Bebidas
218,Stella Artois Laton 710,16,,Bebidas
309,Stella Artois porron 330,24,,Bebidas
189,SUAVE suavizante aires de bambu x 900 ml,12,,Limpieza
132,Sussex rollo de cocina clasico 3 x 50 pa,10,,Papelería
131,Swift  Pate 90g,24,,Almacen
130,Swift Picadillo  90g,24,,Almacen
140,TAKIS ORIGINAL x 85 g,,,Snacks y Golosinas
596,TAKIS XPLOSION x 85 grs,,,Snacks y Golosinas
141,TANG Anana,20,,Almacen
154,TANG Durazno,20,,Almacen
74,TANG Frutilla,20,,Almacen
155,TANG Mandarina,20,,Almacen
228,TANG Manzana,20,,Almacen
88,TANG Multifruta,20,,Almacen
246,TANG Naranja,20,,Almacen
89,TANG Naranja-Lima,20,,Almacen
722,TANG Pera,20,,Almacen
91,TANG Pomelo Rosado,20,,Almacen
723,Taragui  Yerba x 1 kg,10,,Almacen
90,TARAGUI mate cocido x 25,10,,Almacen
137,TERRABUSI galletitas variedad x 390 g,20,,Almacen
127,TERRABUSI galletitas x 590 G,16,,Almacen
688,Tita Chocolate 19g,,,Snacks y Golosinas
689,Toallitas humedas IDEAL clasicas 24 x 50  unid.,24,,Higiene
119,Tofi Alfajor Chocolate  6 x 46g.,,,Snacks y Golosinas
250,TRAVIATA galletitas clasicas x 3 uni,16,,Almacen
781,TRAVIATA Galletitas clasicas x 5,16,,Almacen
779,UNION mate cocido x 25,10,,Almacen
778,Union Yerba 500g,10,,Almacen
782,UNION Yerba x 1kg,10,,Almacen
780,Vais Repelente en spray  x 200 cc,12,,Insecticidas y Repelentes
767,Vais Repelente en spray x 120 cc,16,,Insecticidas y Repelentes
777,Vidrios PROCENEX doy pack x 820 ml,15,,Limpieza
775,Vinas de balbo clasico vino tinto 1.125 ml,6,,Bebidas
774,Vino Michel Torino 700ml,6,,Bebidas
776,Vittone fernet botella x 750,12,,Bebidas
773,Vivere Rosa Flores silvestres x 900,12,,Limpieza
768,Vivere suavizante  plancha facil x 810,12,,Limpieza
769,Vivere suavizante clásico x 900 cc,12,,Limpieza
783,VIVERE Suavizante regular clasico x 3 lt,4,,Limpieza
784,VIVERE Suavizante regular violetas y flores blancas x 3 L,4,,Limpieza
770,Vivere suavizante regular violetas y flores blancas x 900 cc,12,,Limpieza
771,VT repelente aero x 165 cc,12,,Insecticidas y Repelentes
772,Yerba Taragui x 500 gr,10,,Almacen